{"cameraMode":{"drawMode":0,"name":"Shaded","section":"Shading Mode"},"sceneLighting":false,"audioPlay":false,"sceneViewState":{"m_AlwaysRefresh":false,"showFog":true,"showSkybox":true,"showFlares":true,"showImageEffects":true,"showParticleSystems":true,"showVisualEffectGraphs":true,"m_FxEnabled":false},"in2DMode":false,"pivot":{"x":0.17681905627250672,"y":0.6454935073852539,"z":1.2224082946777344},"rotation":{"x":0.21945421397686006,"y":0.06141432374715805,"z":-0.013858652673661709,"w":0.9736137986183167},"size":1.6109716892242432,"orthographic":false}