{"cameraMode":{"drawMode":0,"name":"Shaded","section":"Shading Mode"},"sceneLighting":false,"audioPlay":false,"sceneViewState":{"m_AlwaysRefresh":false,"showFog":true,"showSkybox":false,"showFlares":true,"showImageEffects":true,"showParticleSystems":true,"showVisualEffectGraphs":true,"m_FxEnabled":false},"in2DMode":false,"pivot":{"x":0.13715362548828126,"y":0.171789288520813,"z":-0.17161613702774049},"rotation":{"x":0.16893252730369569,"y":-0.6521645188331604,"z":0.15236741304397584,"w":0.7231709361076355},"size":1.1794432401657105,"orthographic":false}